Macbook Model Number,Description
A2681,A2681 is a model number for a MacBook Air from year Mid 2022 M2 with EMC 4074
A2485,A2485 is a model number for a MacBook Pro Retina from year Late 2021 M1 with EMC 3651
A2485,A2485 is a model number for a MacBook Pro Retina from year Late 2021 M1 with EMC 3651
A2485,A2485 is a model number for a MacBook Pro Retina from year Late 2021 M1 with EMC 3651
A2442,A2442 is a model number for a MacBook Pro Retina from year Late 2021 M1 with EMC 3650
A2442,A2442 is a model number for a MacBook Pro Retina from year Late 2021 M1 with EMC 3650
A2338,A2338 is a model number for a MacBook Pro Retina from year Late 2020 M1 with EMC 8162
A2338,A2338 is a model number for a MacBook Pro Retina from year Mid 2022 M2 with EMC 8162
A2337,A2337 is a model number for a MacBook Air from year Late 2020 M1 with EMC 3598
A2289,A2289 is a model number for a MacBook Pro Retina from year 2020 2xTBT3 TB with EMC 3456
A2251,A2251 is a model number for a MacBook Pro Retina from year 2020 4XTBT3 TB with EMC 3348
A2179,A2179 is a model number for a MacBook Air from year Early 2020 with EMC 3302
A2159,A2159 is a model number for a MacBook Pro Retina from year 2019 with EMC 3301
A2141,A2141 is a model number for a MacBook Pro Retina from year 2019 with EMC 3347
A1990,A1990 is a model number for a MacBook Pro Retina from year Mid 2018 with EMC3215
A1990,A1990 is a model number for a MacBook Pro Retina from year Mid 2018 with EMC3215
A1990,A1990 is a model number for a MacBook Pro Retina from year 2019 with EMC 3359
A1990,A1990 is a model number for a MacBook Pro Retina from year 2019 with EMC 3359
A1989,A1989 is a model number for a MacBook Pro Retina from year 2018 4xTBT3 TB with EMC 3124
A1989,A1989 is a model number for a MacBook Pro Retina from year 2019 4xTBT3 TB with EMC 3358
A1932,A1932 is a model number for a MacBook Air from year Late 2018 with EMC 3184
A1932,A1932 is a model number for a MacBook Air from year 2019 with EMC 3184
A1708,A1708 is a model number for a MacBook Pro Retina from year Mid 2017 2xTBT3 No TB with EMC 3164
A1708,A1708 is a model number for a MacBook Pro Retina from year 2016 2xTBT3 No TB with EMC 2978
A1707,A1707 is a model number for a MacBook Pro Retina from year Late 2016 with EMC 3072
A1707,A1707 is a model number for a MacBook Pro Retina from year Mid 2017 with EMC 3162
A1706,A1706 is a model number for a MacBook Pro Retina from year 2016 4xTBT3 TB with EMC 3071
A1706,A1706 is a model number for a MacBook Pro Retina from year Mid 2017 4xTBT3 TB with EMC 3163
A1534,A1534 is a model number for a Macbook  from year 2015 with EMC 2746
A1534,A1534 is a model number for a Macbook  from year 2016 with EMC 2991
A1502,A1502 is a model number for a MacBook Pro Retina from year Mid 2014 with EMC 2875
A1502,A1502 is a model number for a MacBook Pro Retina from year Late 2013 with EMC 2678
A1502,A1502 is a model number for a MacBook Pro Retina from year Late 2013 with EMC 2678
A1502,A1502 is a model number for a MacBook Pro Retina from year Early 2015 with EMC 2835
A1466,A1466 is a model number for a MacBook Air from year Early 2015 with EMC 2925
A1466,A1466 is a model number for a MacBook Air from year 2017 with EMC 3178
A1466,A1466 is a model number for a MacBook Air from year Mid 2012 with EMC 2559
A1466,A1466 is a model number for a MacBook Air from year Mid 2013 with EMC 2632
A1466,A1466 is a model number for a MacBook Air from year Early 2014 with EMC 2632
A1465,A1465 is a model number for a MacBook Air from year Early 2015 with EMC 2924
A1465,A1465 is a model number for a MacBook Air from year Mid 2012 with EMC 2558
A1465,A1465 is a model number for a MacBook Air from year Mid 2013 with EMC 2631
A1465,A1465 is a model number for a MacBook Air from year Early 2014 with EMC 2631
A1425,A1425 is a model number for a MacBook Pro Retina from year Early 2013 with EMC 2672
A1425,A1425 is a model number for a MacBook Pro Retina from year Late 2012 with EMC 2557
A1398,A1398 is a model number for a MacBook Pro Retina from year Mid 2015 with EMC 2909
A1398,A1398 is a model number for a MacBook Pro Retina from year Mid 2015 with EMC 2910
A1398,A1398 is a model number for a MacBook Pro Retina from year Mid 2015 with EMC 2910
A1398,A1398 is a model number for a MacBook Pro Retina from year Mid 2012 with EMC 2512
A1398,A1398 is a model number for a MacBook Pro Retina from year Early 2013 with EMC 2673
A1398,A1398 is a model number for a MacBook Pro Retina from year Late 2013 with EMC 2674
A1398,A1398 is a model number for a MacBook Pro Retina from year Mid 2014 with EMC 2745
A1398,A1398 is a model number for a MacBook Pro Retina from year Late 2013 with EMC 2876
A1398,A1398 is a model number for a MacBook Pro Retina from year Mid 2014 with EMC 2881
A1370,A1370 is a model number for a MacBook Air from year Late 2010 with EMC 2393
A1370,A1370 is a model number for a MacBook Air from year Mid 2011 with EMC 2471
A1369,A1369 is a model number for a MacBook Air from year Late 2010 with EMC 2392
A1369,A1369 is a model number for a MacBook Air from year Mid 2011 with EMC 2469
A1304,A1304 is a model number for a MacBook Air from year Mid 2009 with EMC 2334
A1297,A1297 is a model number for a MacBook Pro Unibody from year Early 2009 with EMC 2272
A1297,A1297 is a model number for a MacBook Pro Unibody from year Mid 2009 with EMC 2329
A1297,A1297 is a model number for a MacBook Pro Unibody from year Mid 2010 with EMC 2352
A1297,A1297 is a model number for a MacBook Pro Unibody from year Early 2011 with EMC 2352-1
A1297,A1297 is a model number for a MacBook Pro Unibody from year Late 2011 with EMC 2564
A1286,A1286 is a model number for a MacBook Pro Unibody from year Late 2008 with EMC 2255
A1286,A1286 is a model number for a MacBook Pro Unibody from year Mid 2009 with EMC 2325
A1286,A1286 is a model number for a MacBook Pro Unibody from year Mid 2009 with EMC 2325
A1286,A1286 is a model number for a MacBook Pro Unibody from year Mid 2009 with EMC 2325
A1286,A1286 is a model number for a MacBook Pro Unibody from year Mid 2009  with EMC 2324
A1286,A1286 is a model number for a MacBook Pro Unibody from year Mid 2010 with EMC 2353
A1286,A1286 is a model number for a MacBook Pro Unibody from year Early 2011 with EMC 2353-1
A1286,A1286 is a model number for a MacBook Pro Unibody from year Late 2011 with EMC 2363
A1286,A1286 is a model number for a MacBook Pro Unibody from year Mid 2012 with EMC 2556
A1278,A1278 is a model number for a MacBook Pro Unibody from year Late 2008 with EMC 2254
A1278,A1278 is a model number for a MacBook Pro Unibody from year Mid 2009 with EMC 2326
A1278,A1278 is a model number for a MacBook Pro Unibody from year Mid 2010 with EMC 2351
A1278,A1278 is a model number for a MacBook Pro Unibody from year Early 2011 with EMC 2419
A1278,A1278 is a model number for a MacBook Pro Unibody from year Late 2011 with EMC 2555
A1278,A1278 is a model number for a MacBook Pro Unibody from year Mid 2012 with EMC 2554
